{"coverage": 96.78571428571429, "raw_data": {"meta": {"format": 2, "version": "7.5.3", "timestamp": "2024-06-17T16:54:45.871093", "branch_coverage": false, "show_contexts": false}, "files": {"script.py": {"executed_lines": [], "summary": {"covered_lines": 0, "num_statements": 3, "percent_covered": 0.0, "percent_covered_display": "0", "missing_lines": 3, "excluded_lines": 0}, "missing_lines": [1, 3, 4], "excluded_lines": []}, "tests/__init__.py": {"executed_lines": [0, 1], "summary": {"covered_lines": 0, "num_statements": 0, "percent_covered": 100.0, "percent_covered_display": "100", "missing_lines": 0, "excluded_lines": 0}, "missing_lines": [], "excluded_lines": []}, "tests/test_crawler.py": {"executed_lines": [1, 3, 5, 7, 8, 10, 11, 12, 15, 16, 18, 23, 28, 33, 38, 44, 45, 46, 52, 53, 55, 56, 59, 60, 61, 64, 66, 67, 68, 71, 72, 73, 75, 77, 78, 83, 85, 87, 88, 91, 92, 93, 99, 102, 104, 105, 106, 109, 110, 111, 117, 120, 122, 123, 124, 127, 128, 129, 134, 140, 141, 143, 144, 148, 150, 151, 156, 157, 158, 160, 162, 163, 164, 167, 168, 169, 175, 177, 178, 180, 181, 182, 188, 189, 190, 196, 198, 199, 202, 203, 204, 210, 211, 213, 214, 215, 221, 222, 223, 230, 231, 233, 239, 240, 241, 247, 248, 250, 256, 257, 258, 259, 262, 263, 264, 267, 268, 269, 278, 280, 281, 283, 285, 288, 289, 290, 295, 301, 302, 304, 308, 314, 315, 316, 317, 318, 321, 323, 325, 326, 327, 332, 333, 334, 335, 336, 340, 342, 343, 344, 348], "summary": {"covered_lines": 151, "num_statements": 151, "percent_covered": 100.0, "percent_covered_display": "100", "missing_lines": 0, "excluded_lines": 0}, "missing_lines": [], "excluded_lines": []}, "tests/utils.py": {"executed_lines": [1, 2, 4, 5], "summary": {"covered_lines": 4, "num_statements": 4, "percent_covered": 100.0, "percent_covered_display": "100", "missing_lines": 0, "excluded_lines": 0}, "missing_lines": [], "excluded_lines": []}, "tiny_web_crawler/__init__.py": {"executed_lines": [0, 1], "summary": {"covered_lines": 0, "num_statements": 0, "percent_covered": 100.0, "percent_covered_display": "100", "missing_lines": 0, "excluded_lines": 0}, "missing_lines": [], "excluded_lines": []}, "tiny_web_crawler/crawler.py": {"executed_lines": [1, 2, 3, 4, 5, 6, 8, 9, 10, 11, 12, 13, 15, 17, 19, 20, 21, 37, 38, 39, 40, 41, 42, 43, 44, 45, 46, 47, 48, 50, 60, 61, 62, 63, 64, 65, 66, 67, 68, 69, 70, 71, 72, 73, 75, 76, 86, 88, 89, 90, 92, 96, 97, 98, 100, 111, 112, 114, 115, 117, 118, 119, 121, 122, 124, 126, 128, 135, 136, 137, 139, 140, 141, 143, 144, 145, 146, 148, 149, 151, 152, 154, 155, 156, 157, 158, 160, 161, 163, 164, 165, 166, 168, 169, 170, 172, 173, 174, 177, 184, 185, 187, 188, 189, 190, 191, 192, 193, 194, 195, 196, 198, 199, 200, 201, 204, 213], "summary": {"covered_lines": 116, "num_statements": 122, "percent_covered": 95.08196721311475, "percent_covered_display": "95", "missing_lines": 6, "excluded_lines": 0}, "missing_lines": [205, 206, 208, 209, 210, 214], "excluded_lines": []}}, "totals": {"covered_lines": 271, "num_statements": 280, "percent_covered": 96.78571428571429, "percent_covered_display": "97", "missing_lines": 9, "excluded_lines": 0}}, "coverage_path": "."}